{"name": "roberta-large-openai-detector", "predictions": {"real": [0.0005085095181129873, 0.004203319549560547, 0.005102305673062801, 0.00531340017914772, 0.0005442861001938581, 0.6163634061813354, 0.0004999297088943422, 0.03798772022128105, 0.0004932400188408792, 0.011663521640002728, 0.5231725573539734, 0.3760373592376709, 0.011919396929442883, 0.0015190939884632826, 0.0012999995378777385, 0.3050045967102051, 0.000831842771731317, 0.0098097063601017, 0.0006940924213267863, 0.0007270333007909358, 0.005804755259305239, 0.0036077501717954874, 0.0029658081475645304, 0.0006232087034732103, 0.0008224690100178123, 0.006177707575261593, 0.3435116708278656, 0.00048770138528198004, 0.005993541795760393, 0.046945616602897644, 0.049923162907361984, 0.0009811560157686472, 0.009252002462744713, 0.06070830300450325, 0.004565227311104536, 0.10906460881233215, 0.0007629031897522509, 0.0007742200396023691, 0.0030689442064613104, 0.000579032814130187, 0.0011339773191139102, 0.0009318703669123352, 0.1509990692138672, 0.0012214885791763663, 0.007440713234245777, 0.06289324164390564, 0.0005380517686717212, 0.002614186378195882, 0.010714652948081493, 0.010889998637139797, 0.0013719049748033285, 0.013547408394515514, 0.000645697582513094, 0.0010086519178003073, 0.0004613166383933276, 0.0016800224548205733, 0.00046313347411341965, 0.007121644448488951, 0.0005018569063395262, 0.0014188212808221579, 0.00334689998999238, 0.006643409375101328, 0.0006654241005890071, 0.0016689790645614266, 0.5224220752716064, 0.0005270502297207713, 0.5310544371604919, 0.002558486070483923, 0.0006926149362698197, 0.09042080491781235, 0.0004932562587782741, 0.0006469787913374603, 0.003137604333460331, 0.0005118552362546325, 0.0018604419892653823, 0.0007330287480726838, 0.0005780390929430723, 0.0005605694022960961, 0.9441524744033813, 0.010733126662671566, 0.0030418639071285725, 0.061127327382564545, 0.007508861366659403, 0.0027747645508497953, 0.0004551229940261692, 0.0004585866699926555, 0.0008008223958313465, 0.0016298270784318447, 0.0005593973328359425, 0.038074035197496414, 0.011265839450061321, 0.0007344409241341054, 0.19988955557346344, 0.0005063377902843058, 0.001982768764719367, 0.12267705798149109, 0.0021729511208832264, 0.00047073239693418145, 0.0014252972323447466, 0.0008138272096402943], "samples": [0.9996790885925293, 0.9996441602706909, 0.996799111366272, 0.999739944934845, 0.9992890357971191, 0.9990515112876892, 0.9997422099113464, 0.9994341731071472, 0.9997442364692688, 0.998223602771759, 0.5402277112007141, 0.9606254696846008, 0.9223970174789429, 0.3069462180137634, 0.999729335308075, 0.7597633600234985, 0.9995885491371155, 0.985107958316803, 0.9129812717437744, 0.9993740916252136, 0.995361864566803, 0.9973917007446289, 0.36137279868125916, 0.9997263550758362, 0.9997044205665588, 0.9979910850524902, 0.995936393737793, 0.9996563196182251, 0.9989883303642273, 0.9977869987487793, 0.9997357726097107, 0.9793742895126343, 0.9997428059577942, 0.9915896058082581, 0.9836592674255371, 0.9688203930854797, 0.9995028972625732, 0.9996328353881836, 0.7247635722160339, 0.9429043531417847, 0.9997377991676331, 0.9593986868858337, 0.9997374415397644, 0.9997456669807434, 0.9997442364692688, 0.999195396900177, 0.99972003698349, 0.9985106587409973, 0.9997449517250061, 0.9996092915534973, 0.9714230298995972, 0.9997243285179138, 0.9996716976165771, 0.9996956586837769, 0.9997406601905823, 0.9997257590293884, 0.9997366070747375, 0.9984110593795776, 0.9993523955345154, 0.9997135996818542, 0.9655473828315735, 0.9996404647827148, 0.9996248483657837, 0.9997443556785583, 0.6008010506629944, 0.9997263550758362, 0.9997102618217468, 0.9997254014015198, 0.9996172189712524, 0.9996635913848877, 0.9995930790901184, 0.9997465014457703, 0.9997437596321106, 0.9997430443763733, 0.9997394680976868, 0.9988647699356079, 0.9129320979118347, 0.9992497563362122, 0.9997339844703674, 0.9967999458312988, 0.9997113347053528, 0.1054786741733551, 0.9055348038673401, 0.9997339844703674, 0.9995949864387512, 0.9997455477714539, 0.9901842474937439, 0.9997212290763855, 0.9997420907020569, 0.9997448325157166, 0.9997144341468811, 0.992363691329956, 0.9996210336685181, 0.9996181726455688, 0.9974634647369385, 0.9456297755241394, 0.9975191354751587, 0.9955869913101196, 0.9670804738998413, 0.9995669722557068]}, "info": {"n_samples": 100}, "metrics": {"roc_auc": 0.9964, "fpr": [0.0, 0.0, 0.0, 0.0, 0.0, 0.0, 0.0, 0.0, 0.0, 0.01, 0.01, 0.02, 0.02, 0.06, 0.06, 0.07, 0.07, 0.12, 0.12, 1.0], "tpr": [0.0, 0.01, 0.06, 0.08, 0.2, 0.22, 0.23, 0.25, 0.88, 0.88, 0.95, 0.95, 0.97, 0.97, 0.98, 0.98, 0.99, 0.99, 1.0, 1.0]}, "pr_metrics": {"pr_auc": 0.9965151819694864, "precision": [0.5, 0.5025125628140703, 0.5050505050505051, 0.5076142131979695, 0.5102040816326531, 0.5128205128205128, 0.5154639175257731, 0.5181347150259067, 0.5208333333333334, 0.5235602094240838, 0.5263157894736842, 0.5291005291005291, 0.5319148936170213, 0.5347593582887701, 0.5376344086021505, 0.5405405405405406, 0.5434782608695652, 0.546448087431694, 0.5494505494505495, 0.5524861878453039, 0.5555555555555556, 0.5586592178770949, 0.5617977528089888, 0.5649717514124294, 0.5681818181818182, 0.5714285714285714, 0.5747126436781609, 0.5780346820809249, 0.5813953488372093, 0.5847953216374269, 0.5882352941176471, 0.591715976331361, 0.5952380952380952, 0.5988023952095808, 0.6024096385542169, 0.6060606060606061, 0.6097560975609756, 0.6134969325153374, 0.6172839506172839, 0.6211180124223602, 0.625, 0.6289308176100629, 0.6329113924050633, 0.6369426751592356, 0.6410256410256411, 0.6451612903225806, 0.6493506493506493, 0.6535947712418301, 0.6578947368421053, 0.6622516556291391, 0.6666666666666666, 0.6711409395973155, 0.6756756756756757, 0.6802721088435374, 0.684931506849315, 0.6896551724137931, 0.6944444444444444, 0.6993006993006993, 0.704225352112676, 0.7092198581560284, 0.7142857142857143, 0.7194244604316546, 0.7246376811594203, 0.7299270072992701, 0.7352941176470589, 0.7407407407407407, 0.746268656716418, 0.7518796992481203, 0.7575757575757576, 0.7633587786259542, 0.7692307692307693, 0.7751937984496124, 0.78125, 0.7874015748031497, 0.7936507936507936, 0.8, 0.8064516129032258, 0.8130081300813008, 0.819672131147541, 0.8264462809917356, 0.8333333333333334, 0.8403361344537815, 0.847457627118644, 0.8547008547008547, 0.8620689655172413, 0.8695652173913043, 0.8771929824561403, 0.8849557522123894, 0.8928571428571429, 0.8918918918918919, 0.9, 0.908256880733945, 0.9166666666666666, 0.9252336448598131, 0.9339622641509434, 0.9333333333333333, 0.9423076923076923, 0.941747572815534, 0.9509803921568627, 0.9603960396039604, 0.97, 0.9797979797979798, 0.9795918367346939, 0.979381443298969, 0.9895833333333334, 0.9894736842105263, 0.9893617021276596, 0.989247311827957, 0.9891304347826086, 0.989010989010989, 0.9888888888888889, 0.9887640449438202, 1.0, 1.0, 1.0, 1.0, 1.0, 1.0, 1.0, 1.0, 1.0, 1.0, 1.0, 1.0, 1.0, 1.0, 1.0, 1.0, 1.0, 1.0, 1.0, 1.0, 1.0, 1.0, 1.0, 1.0, 1.0, 1.0, 1.0, 1.0, 1.0, 1.0, 1.0, 1.0, 1.0, 1.0, 1.0, 1.0, 1.0, 1.0, 1.0, 1.0, 1.0, 1.0, 1.0, 1.0, 1.0, 1.0, 1.0, 1.0, 1.0, 1.0, 1.0, 1.0, 1.0, 1.0, 1.0, 1.0, 1.0, 1.0, 1.0, 1.0, 1.0, 1.0, 1.0, 1.0, 1.0, 1.0, 1.0, 1.0, 1.0, 1.0, 1.0, 1.0, 1.0, 1.0, 1.0, 1.0, 1.0, 1.0, 1.0, 1.0, 1.0, 1.0, 1.0, 1.0, 1.0, 1.0],