{"name": "roberta-base-openai-detector", "predictions": {"real": [0.00018255814211443067, 0.00019543769303709269, 0.002274554455652833, 0.007567462045699358, 0.00019461078045424074, 0.05308861657977104, 0.00026788347167894244, 0.9996812343597412, 0.00021361322433222085, 0.000764132128097117, 0.9910883903503418, 0.4134831130504608, 0.07805168628692627, 0.0001941270602401346, 0.0008992343791760504, 0.2617572247982025, 0.7163345813751221, 0.0006971406401135027, 0.0002929868351202458, 0.00018634407024364918, 0.0031991165596991777, 0.0036697532050311565, 0.00017831346485763788, 0.00019572771270759404, 0.00017524792929179966, 0.04301667958498001, 0.9854443669319153, 0.000176785426447168, 0.00022186416026670486, 0.03628566116094589, 0.01795932836830616, 0.2176884114742279, 0.019239181652665138, 0.028440261259675026, 0.0003341849078424275, 0.0014818536583334208, 0.11305635422468185, 0.00034924058127216995, 0.0006653909222222865, 0.00016873188724275678, 0.00021278325584717095, 0.00017694308189675212, 0.003693200182169676, 0.016605671495199203, 0.4316529631614685, 0.5139280557632446, 0.00017680531891528517, 0.016431184485554695, 0.009158083237707615, 0.0002957506221719086, 0.00023556529777124524, 0.013810645788908005, 0.00017178877897094935, 0.00024191570992115885, 0.05756916105747223, 0.004074775148183107, 0.00020299703464843333, 0.00018975052807945758, 0.00018882013682741672, 0.0001680934219621122, 0.0003747552400454879, 0.003563863458111882, 0.0004221141862217337, 0.00019822598551400006, 0.8568161725997925, 0.002783140866085887, 0.9973412156105042, 0.0014886027202010155, 0.0002231185499113053, 0.0028845597989857197, 0.0002154991525458172, 0.00021525766351260245, 0.00016914959996938705, 0.00026284283376298845, 0.00021544305491261184, 0.00033017160603776574, 0.8973801136016846, 0.043424054980278015, 0.9962132573127747, 0.0005823005922138691, 0.0018871157662943006, 0.08581937104463577, 0.0025830974336713552, 0.00016804116603452712, 0.0058393049985170364, 0.0017765709199011326, 0.0006990787223912776, 0.003831167472526431, 0.00017691274115350097, 0.6360335350036621, 0.9661163091659546, 0.00017500596004538238, 0.16743655502796173, 0.00019712862558662891, 0.0023797578178346157, 0.9457991719245911, 0.00019236172374803573, 0.00019993681053165346, 0.00017350971756968647, 0.00019562061061151326], "samples": [0.9998188614845276, 0.9998250603675842, 0.9993938207626343, 0.9997381567955017, 0.9998213648796082, 0.24054904282093048, 0.9998117089271545, 0.9998235106468201, 0.9997498393058777, 0.9998155236244202, 0.913740873336792, 0.9914500117301941, 0.9996229410171509, 0.9199713468551636, 0.9997877478599548, 0.996396005153656, 0.9996073842048645, 0.9998205304145813, 0.5215780735015869, 0.9998230338096619, 0.9998277425765991, 0.9985008239746094, 0.5716371536254883, 0.9998250603675842, 0.9998286962509155, 0.9997093081474304, 0.9997237324714661, 0.9857732653617859, 0.9893502593040466, 0.9998218417167664, 0.9997326731681824, 0.9973740577697754, 0.999788224697113, 0.9952968955039978, 0.9924989342689514, 0.8514580130577087, 0.9238215088844299, 0.9998113512992859, 0.3617805242538452, 0.9997162222862244, 0.9997962117195129, 0.9996308088302612, 0.9997910857200623, 0.9997981190681458, 0.9998015761375427, 0.9998076558113098, 0.999769389629364, 0.9991376399993896, 0.9998266100883484, 0.9988694787025452, 0.9997426867485046, 0.9997947812080383, 0.9998242259025574, 0.9997307658195496, 0.999794065952301, 0.9997348189353943, 0.9997081160545349, 0.3934997022151947, 0.9994277358055115, 0.9997937083244324, 0.9997703433036804, 0.9998043179512024, 0.9995953440666199, 0.9997996687889099, 0.910992443561554, 0.9998072981834412, 0.9997746348381042, 0.9998006224632263, 0.9998288154602051, 0.9997559189796448, 0.9998227953910828, 0.9997760653495789, 0.999811589717865, 0.9997548460960388, 0.9997695088386536, 0.9998144507408142, 0.9959275126457214, 0.999473512172699, 0.9997063279151917, 0.9998242259025574, 0.9998103976249695, 0.13032203912734985, 0.9723005890846252, 0.9998273253440857, 0.9998292922973633, 0.999796450138092, 0.9998281002044678, 0.9998044371604919, 0.9998216032981873, 0.999825656414032, 0.9997853636741638, 0.9998237490653992, 0.9998236298561096, 0.9998249411582947, 0.9998237490653992, 0.9834415316581726, 0.9996346235275269, 0.9998238682746887, 0.9966437816619873, 0.999818742275238]}, "info": {"n_samples": 100}, "metrics": {"roc_auc": 0.9834999999999999, "fpr": [0.0, 0.0, 0.0, 0.0, 0.0, 0.0, 0.0, 0.0, 0.0, 0.01, 0.01, 0.02, 0.02, 0.03, 0.03, 0.04, 0.04, 0.05, 0.05, 0.07, 0.07, 0.09, 0.09, 0.11, 0.11, 0.14, 0.14, 0.15, 0.15, 0.17, 0.17, 1.0], "tpr": [0.0, 0.01, 0.08, 0.1, 0.11, 0.13, 0.14, 0.16, 0.67, 0.67, 0.79, 0.79, 0.81, 0.81, 0.85, 0.85, 0.87, 0.87, 0.89, 0.89, 0.93, 0.93, 0.94, 0.94, 0.96, 0.96, 0.98, 0.98, 0.99, 0.99, 1.0, 1.0]}, "pr_metrics": {"pr_auc": 0.9834122990680495, "precision": [0.5, 0.5025125628140703, 0.5050505050505051, 0.5076142131979695, 0.5102040816326531, 0.5128205128205128, 0.5154639175257731, 0.5181347150259067, 0.5208333333333334, 0.5235602094240838, 0.5263157894736842, 0.5291005291005291, 0.5319148936170213, 0.5347593582887701, 0.5376344086021505, 0.5405405405405406, 0.5434782608695652, 0.546448087431694, 0.5494505494505495, 0.5524861878453039, 0.5555555555555556, 0.5586592178770949, 0.5617977528089888, 0.5649717514124294, 0.5681818181818182, 0.5714285714285714, 0.5747126436781609, 0.5780346820809249, 0.5813953488372093, 0.5847953216374269, 0.5882352941176471, 0.591715976331361, 0.5952380952380952, 0.5988023952095808, 0.6024096385542169, 0.6060606060606061, 0.6097560975609756, 0.6134969325153374, 0.6172839506172839, 0.6211180124223602, 0.625, 0.6289308176100629, 0.6329113924050633, 0.6369426751592356, 0.6410256410256411, 0.6451612903225806, 0.6493506493506493, 0.6535947712418301, 0.6578947368421053, 0.6622516556291391, 0.6666666666666666, 0.6711409395973155, 0.6756756756756757, 0.6802721088435374, 0.684931506849315, 0.6896551724137931, 0.6944444444444444, 0.6993006993006993, 0.704225352112676, 0.7092198581560284, 0.7142857142857143, 0.7194244604316546, 0.7246376811594203, 0.7299270072992701, 0.7352941176470589, 0.7407407407407407, 0.746268656716418, 0.7518796992481203, 0.7575757575757576, 0.7633587786259542, 0.7692307692307693, 0.7751937984496124, 0.78125, 0.7874015748031497, 0.7936507936507936, 0.8, 0.8064516129032258, 0.8130081300813008, 0.819672131147541, 0.8264462809917356, 0.8333333333333334, 0.8403361344537815, 0.847457627118644, 0.8547008547008547, 0.853448275862069, 0.8608695652173913, 0.868421052631579, 0.8672566371681416, 0.875, 0.8738738738738738, 0.8727272727272727, 0.8807339449541285, 0.8888888888888888, 0.897196261682243, 0.8962264150943396, 0.8952380952380953, 0.9038461538461539, 0.912621359223301, 0.9117647058823529, 0.9207920792079208, 0.93, 0.9292929292929293, 0.9285714285714286, 0.9278350515463918, 0.9270833333333334, 0.9368421052631579, 0.9468085106382979, 0.946236559139785, 0.9456521739130435, 0.9560439560439561, 0.9555555555555556, 0.9550561797752809, 0.9659090909090909, 0.9655172413793104, 0.9651162790697675, 0.9647058823529412, 0.9642857142857143, 0.9759036144578314, 0.975609756097561, 0.9753086419753086, 0.9875, 0.9873417721518988, 0.9871794871794872, 0.987012987012987, 0.9868421052631579, 0.9866666666666667, 0.9864864864864865, 0.9863013698630136, 0.9861111111111112, 0.9859154929577465, 0.9857142857142858, 0.9855072463768116, 0.9852941176470589, 1.0, 1.0, 1.0, 1.0, 1.0, 1.0, 1.0, 1.0, 1.0, 1.0, 1.0, 1.0, 1.0, 1.0, 1.0, 1.0, 1.0, 1.0, 1.0, 1.0, 1.0, 1.0, 1.0, 1.0, 1.0, 1.0, 1.0, 1.0, 1.0, 1.0, 1.0, 1.0, 1.0, 1.0, 1.0, 1.0, 1.0, 1.0, 1.0, 1.0, 1.0, 1.0, 1.0, 1.0, 1.0, 1.0, 1.0, 1.0, 1.0, 1.0, 1.0, 1.0, 1.0, 1.0, 1.0, 1.0, 1.0, 1.0, 1.0, 1.0, 1.0, 1.0, 1.0, 1.0, 1.0],